"id","pressure_in_bar","predictive_maintainance","time","event"
"BH-001","216.1",1,"5497.9",1
"BH-002","165.8",0,"4694.9",1
"BH-003","228.8",1,"3954.8",1
"BH-004","204.6",1,"7250.4",1
"BH-005","114.1",1,"32463.9",1
"BH-006","246.3",0,"1558.9",1
"BH-007","214.2",0,"5798.1",1
"BH-008","217.9",1,"1261.6",0
"BH-009","119.2",0,"9309.8",1
"BH-010","167.6",0,"4580.0",1
"BH-011","155.6",0,"5338.3",0
"BH-012","239.0",0,"2810.2",0
"BH-013","196.6",0,"2711.4",1
"BH-014","223.4",0,"5733.6",1
"BH-015","166.5",0,"4933.9",1
"BH-016","134.1",0,"2273.4",0
"BH-017","183.2",0,"4273.6",1
"BH-018","109.6",1,"5378.4",0
"BH-019","224.1",0,"2104.0",1
"BH-020","194.7",1,"515.3",0
"BH-021","213.7",1,"9292.6",1
"BH-022","153.2",0,"6629.2",1
"BH-023","245.6",0,"2313.4",0
"BH-024","234.0",1,"7389.4",1
"BH-025","216.8",1,"5622.1",1
"BH-026","129.2",1,"7987.9",0
"BH-027","170.0",1,"2428.5",0
"BH-028","106.6",1,"5351.0",1
"BH-029","123.1",1,"18611.0",0
"BH-030","202.5",0,"3897.3",1
"BH-031","211.7",1,"6690.1",0
"BH-032","245.1",0,"1474.5",0
"BH-033","148.9",1,"2067.1",1
"BH-034","155.6",1,"12506.7",1
"BH-035","170.4",0,"2018.7",1
"BH-036","128.4",1,"3607.2",1
"BH-037","119.5",0,"10375.0",1
"BH-038","171.4",1,"2884.7",0
"BH-039","134.0",0,"3048.9",0
"BH-040","200.5",1,"6043.9",0
"BH-041","165.6",0,"4151.6",1
"BH-042","224.9",1,"3939.2",1
"BH-043","205.0",1,"291.0",1
"BH-044","146.9",1,"5024.4",1
"BH-045","224.8",1,"4345.2",1
"BH-046","220.7",1,"481.9",1
"BH-047","158.1",1,"9352.7",1
"BH-048","143.2",0,"3646.3",0
"BH-049","202.4",1,"1262.6",0
"BH-050","121.0",0,"7624.8",0
"BH-051","130.0",1,"10568.6",0
"BH-052","101.1",0,"6545.6",0
"BH-053","218.0",1,"1815.2",1
"BH-054","199.7",1,"2187.1",0
"BH-055","205.8",0,"2239.9",1
"BH-056","217.1",1,"7854.3",1
"BH-057","168.8",1,"6550.1",1
"BH-058","185.3",1,"6472.3",1
"BH-059","121.0",0,"5456.1",1
"BH-060","117.2",1,"11971.6",1
"BH-061","200.3",1,"1396.4",0
"BH-062","170.7",0,"1597.8",0
"BH-063","184.8",0,"526.1",1
"BH-064","214.7",0,"223.5",0
"BH-065","195.2",1,"4580.6",1
"BH-066","183.0",0,"5575.6",1
"BH-067","183.9",1,"6478.4",1
"BH-068","145.6",1,"4753.3",1
"BH-069","104.6",0,"9749.5",0
"BH-070","165.5",1,"15352.8",1
"BH-071","132.2",1,"7986.7",1
"BH-072","161.3",0,"3539.2",0
"BH-073","228.0",0,"1109.1",0
"BH-074","135.1",0,"4756.3",1
"BH-075","108.7",0,"6361.0",0
"BH-076","142.2",0,"4431.7",1
"BH-077","144.0",1,"4871.0",1
"BH-078","199.3",0,"806.5",0
"BH-079","183.6",0,"2619.0",1
"BH-080","217.6",1,"6591.2",1
"BH-081","199.6",1,"3461.1",1
"BH-082","161.0",1,"4584.9",1
"BH-083","222.1",1,"5285.0",1
"BH-084","125.0",0,"6553.3",1
"BH-085","103.4",0,"14125.1",1
"BH-086","113.5",1,"16819.6",1
"BH-087","208.4",1,"5385.8",1
"BH-088","169.3",1,"3672.8",0
"BH-089","124.2",0,"8501.7",1
"BH-090","175.2",1,"12679.3",1
"BH-091","122.8",1,"16262.9",1
"BH-092","204.4",0,"3543.6",0
"BH-093","166.9",1,"6395.8",1
"BH-094","157.2",1,"7569.4",0
"BH-095","145.2",0,"4735.4",0
"BH-096","194.5",0,"1676.9",1
"BH-097","154.3",1,"5694.4",1
"BH-098","113.1",0,"3404.6",0
"BH-099","117.7",0,"10402.2",1
"BH-100","244.3",0,"691.6",1
"BH-101","236.3",0,"729.6",1
"BH-102","205.0",1,"2417.6",1
"BH-103","139.9",1,"6527.6",0
"BH-104","245.4",0,"771.5",0
"BH-105","216.8",1,"5173.9",1
"BH-106","207.5",1,"4442.6",1
"BH-107","167.4",0,"12387.1",1
"BH-108","140.8",1,"19002.6",0
"BH-109","114.5",0,"8752.1",1
"BH-110","235.4",1,"1567.1",0
"BH-111","168.4",1,"2793.8",1
"BH-112","130.4",1,"16357.2",1
"BH-113","145.9",0,"13313.5",1
"BH-114","186.9",1,"5247.8",1
"BH-115","126.5",0,"5624.3",0
"BH-116","228.5",0,"380.5",1
"BH-117","213.8",0,"8531.2",1
"BH-118","207.9",1,"1637.8",1
"BH-119","164.8",0,"6948.4",1
"BH-120","194.1",1,"1384.7",1
"BH-121","187.6",1,"3759.2",1
"BH-122","197.5",0,"2417.3",1
"BH-123","112.7",0,"10863.5",1
"BH-124","162.4",0,"873.0",0
"BH-125","106.2",1,"11419.1",1
"BH-126","174.1",1,"1865.2",0
"BH-127","149.5",0,"719.4",0
"BH-128","121.7",1,"5446.2",0
"BH-129","115.5",0,"7081.9",1
"BH-130","188.1",1,"1860.2",0
"BH-131","125.6",1,"5795.7",0
"BH-132","238.8",1,"1535.4",1
"BH-133","187.2",1,"214.2",1
"BH-134","152.0",1,"1738.0",0
"BH-135","188.6",0,"4643.1",1
"BH-136","103.4",0,"491.9",1
"BH-137","243.8",0,"1512.9",1
"BH-138","172.3",1,"6448.3",1
"BH-139","217.4",1,"2450.5",1
"BH-140","112.4",1,"14183.8",1
"BH-141","173.0",1,"10328.3",1
"BH-142","173.6",0,"4022.8",1
"BH-143","240.7",1,"2598.5",1
"BH-144","185.8",0,"1183.0",0
"BH-145","171.0",0,"1855.0",0
"BH-146","140.0",1,"17288.4",1
"BH-147","149.7",1,"7715.9",1
"BH-148","178.1",1,"6136.1",1
"BH-149","165.8",0,"9469.9",1
"BH-150","103.2",1,"11161.2",1
"BH-151","223.9",0,"590.5",1
"BH-152","234.4",1,"5300.7",1
"BH-153","121.0",1,"11854.7",1
"BH-154","183.1",0,"671.2",0
"BH-155","116.3",0,"1970.3",0
"BH-156","200.8",0,"2998.3",1
"BH-157","142.2",1,"13851.9",1
"BH-158","198.9",0,"466.9",0
"BH-159","209.0",1,"1338.4",1
"BH-160","215.3",1,"1536.7",1
"BH-161","116.2",1,"6227.0",1
"BH-162","237.4",0,"2361.7",1
"BH-163","134.5",1,"2882.4",1
"BH-164","105.6",0,"3453.4",0
"BH-165","183.2",1,"4903.1",0
"BH-166","155.6",1,"21043.8",1
"BH-167","224.5",1,"407.6",1
"BH-168","221.2",1,"1993.5",1
"BH-169","147.6",0,"2718.8",0
"BH-170","242.9",1,"873.1",1
"BH-171","143.6",0,"14783.1",1
"BH-172","177.3",0,"8910.5",1
"BH-173","138.4",0,"6414.3",1
"BH-174","240.4",0,"1955.7",0
"BH-175","124.7",0,"13162.1",1
"BH-176","106.7",0,"9861.2",1
"BH-177","165.3",0,"3927.1",1
"BH-178","248.9",1,"4353.2",1
"BH-179","233.8",1,"1980.3",0
"BH-180","212.3",0,"5035.5",1
"BH-181","233.6",0,"2488.5",1
"BH-182","234.0",0,"2038.0",1
"BH-183","177.8",1,"4761.8",0
"BH-184","147.4",0,"4074.9",1
"BH-185","215.8",0,"762.8",0
"BH-186","199.2",0,"280.0",0
"BH-187","156.0",0,"3500.0",1
"BH-188","114.2",0,"1402.4",1
"BH-189","212.0",1,"1487.4",0
"BH-190","139.4",1,"20792.8",1
"BH-191","240.5",1,"5345.2",1
"BH-192","136.1",1,"18445.7",1
"BH-193","118.4",1,"6524.4",0
"BH-194","224.7",0,"4756.8",1
"BH-195","123.0",1,"11520.6",0
"BH-196","126.9",1,"2815.5",1
"BH-197","189.9",0,"1150.6",0
"BH-198","231.2",1,"3951.6",1
"BH-199","129.5",0,"3633.7",1
"BH-200","146.5",1,"1469.5",0
"BH-201","216.6",1,"1905.7",0
"BH-202","245.8",1,"246.4",1
"BH-203","175.1",1,"1399.2",1
"BH-204","121.6",1,"19770.1",1
"BH-205","102.1",1,"10578.1",1
"BH-206","134.4",1,"19912.1",1
"BH-207","119.8",0,"12025.0",1
"BH-208","201.6",1,"4298.9",0
"BH-209","118.3",0,"6458.0",1
"BH-210","175.9",0,"906.8",0
"BH-211","204.1",0,"982.3",1
"BH-212","187.2",1,"7283.5",0
"BH-213","130.0",0,"747.5",0
"BH-214","220.6",0,"1307.5",1
"BH-215","207.3",0,"934.2",0
"BH-216","210.8",0,"646.6",1
"BH-217","119.7",0,"10087.6",1
"BH-218","118.6",1,"3804.4",1
"BH-219","239.1",0,"1047.3",1
"BH-220","159.6",1,"2574.6",1
"BH-221","145.1",1,"16322.9",1
"BH-222","173.3",0,"9663.6",1
"BH-223","199.4",0,"4278.1",1
"BH-224","243.3",1,"3562.3",1
"BH-225","143.0",0,"3961.2",1
"BH-226","238.7",0,"2474.3",1
"BH-227","103.7",1,"19089.7",1
"BH-228","183.3",1,"8074.0",1
"BH-229","195.1",1,"7422.2",1
"BH-230","115.9",0,"8824.7",0
"BH-231","121.1",1,"878.2",0
"BH-232","162.9",1,"9352.8",1
"BH-233","244.9",0,"2137.1",1
"BH-234","189.4",1,"9011.2",1
"BH-235","240.0",0,"813.8",1
"BH-236","220.7",0,"3062.1",1
"BH-237","170.1",1,"6329.8",1
"BH-238","217.7",0,"2425.4",1
"BH-239","102.7",0,"3347.6",0
"BH-240","116.4",1,"18101.5",1
"BH-241","224.4",1,"3472.4",1
"BH-242","219.5",1,"966.5",0
"BH-243","134.9",1,"32987.6",1
"BH-244","179.6",1,"6825.7",1
"BH-245","190.9",0,"1331.8",0
"BH-246","230.2",0,"4655.5",1
"BH-247","190.5",0,"3394.9",0
"BH-248","161.9",0,"7274.2",1
"BH-249","156.1",1,"2511.1",1
"BH-250","163.9",0,"6056.8",1
"BH-251","197.8",0,"3938.6",0
"BH-252","230.1",0,"2138.9",1
"BH-253","168.1",0,"2802.5",0
"BH-254","137.2",1,"6699.1",1
"BH-255","135.5",0,"3107.7",1
"BH-256","211.9",0,"4724.2",1
"BH-257","222.5",0,"2089.1",1
"BH-258","115.8",0,"8605.3",1
"BH-259","110.0",1,"9767.8",1
"BH-260","189.2",0,"3507.9",1
"BH-261","121.9",0,"5591.5",1
"BH-262","223.7",0,"663.5",1
"BH-263","146.6",1,"14810.2",1
"BH-264","121.6",1,"6125.6",1
"BH-265","238.1",1,"2168.9",1
"BH-266","124.8",1,"18996.5",1
"BH-267","142.7",1,"6381.4",0
"BH-268","123.0",0,"8714.5",1
"BH-269","117.3",0,"14728.4",1
"BH-270","103.2",1,"7466.5",1
"BH-271","108.3",0,"9099.5",1
"BH-272","126.2",1,"10629.3",1
"BH-273","108.0",0,"20881.2",1
"BH-274","188.7",1,"8314.4",1
"BH-275","202.1",1,"2530.6",1
"BH-276","159.0",1,"3695.9",1
"BH-277","147.7",1,"7043.7",1
"BH-278","175.7",1,"3461.5",1
"BH-279","231.3",1,"2595.6",1
"BH-280","227.7",0,"484.4",0
"BH-281","106.5",0,"7639.8",0
"BH-282","127.2",1,"6254.5",1
"BH-283","135.5",0,"3968.6",1
"BH-284","137.4",0,"15723.5",1
"BH-285","185.7",1,"8535.2",1
"BH-286","162.4",1,"6425.1",0
"BH-287","107.4",0,"2057.8",0
"BH-288","156.0",0,"1786.4",0
"BH-289","178.6",0,"3275.6",1
"BH-290","115.3",0,"13537.3",1
"BH-291","225.0",1,"3324.0",0
"BH-292","107.8",0,"882.0",1
"BH-293","238.7",0,"1194.9",0
"BH-294","114.9",1,"13854.0",0
"BH-295","226.5",0,"6420.4",1
"BH-296","235.4",0,"1575.0",1
"BH-297","246.9",1,"2492.8",1
"BH-298","220.3",1,"2818.5",0
"BH-299","216.9",1,"3222.3",0
"BH-300","196.4",1,"3070.3",0
